{"v":"5.5.7","fr":29.9700012207031,"ip":0,"op":120.0000048877,"w":1080,"h":1920,"nm":"Desk","ddd":0,"assets":[],"layers":[{"ddd":0,"ind":1,"ty":4,"nm":"wire ","sr":1,"ks":{"o":{"a":0,"k":100,"ix":11},"r":{"a":0,"k":0,"ix":10},"p":{"a":0,"k":[536.5,0,0],"ix":2},"a":{"a":0,"k":[16.5,-954,0],"ix":1},"s":{"a":0,"k":[100,100,100],"ix":6}},"ao":0,"shapes":[{"ty":"gr","it":[{"ind":0,"ty":"sh","ix":1,"ks":{"a":0,"k":{"i":[[0,0],[0,0],[0,0],[0,0],[0,0]],"o":[[0,0],[0,0],[0,0],[0,0],[0,0]],"v":[[20.5,-345.25],[19.696,-469.349],[18.574,-642.561],[17.326,-835.254],[16,-1040]],"c":false},"ix":2},"nm":"Path 1","mn":"ADBE Vector Shape - Group","hd":false},{"ty":"st","c":{"a":0,"k":[1,1,1,1],"ix":3},"o":{"a":0,"k":100,"ix":4},"w":{"a":0,"k":20,"ix":5},"lc":2,"lj":2,"bm":0,"nm":"Stroke 1","mn":"ADBE Vector Graphic - Stroke","hd":false},{"ty":"tr","p":{"a":0,"k":[0,0],"ix":2},"a":{"a":0,"k":[0,0],"ix":1},"s":{"a":0,"k":[100,100],"ix":3},"r":{"a":0,"k":0,"ix":6},"o":{"a":0,"k":100,"ix":7},"sk":{"a":0,"k":0,"ix":4},"sa":{"a":0,"k":0,"ix":5},"nm":"Transform"}],"nm":"Shape 1","np":4,"cix":2,"bm":0,"ix":1,"mn":"ADBE Vector Group","hd":false}],"ip":44.0000017921567,"op":120.0000048877,"st":-6.00000024438501,"bm":0},{"ddd":0,"ind":2,"ty":1,"nm":"shadow","parent":4,"sr":1,"ks":{"o":{"a":0,"k":10,"ix":11},"r":{"a":0,"k":0,"ix":10},"p":{"a":0,"k":[265.507,655,0],"ix":2},"a":{"a":0,"k":[540,960,0],"ix":1},"s":{"a":0,"k":[71,12,100],"ix":6}},"ao":0,"hasMask":true,"masksProperties":[{"inv":false,"mode":"a","pt":{"a":0,"k":{"i":[[298.234,0],[0,-530.193],[-298.234,0],[0,530.193]],"o":[[-298.234,0],[0,530.193],[298.234,0],[0,-530.193]],"v":[[540,0],[166.197,943.333],[540,1920],[888.451,976.667]],"c":true},"ix":1},"o":{"a":0,"k":100,"ix":3},"x":{"a":0,"k":0,"ix":4},"nm":"Mask 1"}],"ef":[{"ty":5,"nm":"Gaussian Blur","np":4,"mn":"ADBE Gaussian Blur","ix":1,"en":1,"ef":[{"ty":0,"nm":"Blurriness","mn":"ADBE Gaussian Blur-0001","ix":1,"v":{"a":0,"k":223.9,"ix":1}},{"ty":7,"nm":"Blur Dimensions","mn":"ADBE Gaussian Blur-0002","ix":2,"v":{"a":0,"k":2,"ix":2}}]},{"ty":21,"nm":"Fill","np":9,"mn":"ADBE Fill","ix":2,"en":1,"ef":[{"ty":10,"nm":"Fill Mask","mn":"ADBE Fill-0001","ix":1,"v":{"a":0,"k":0,"ix":1}},{"ty":7,"nm":"All Masks","mn":"ADBE Fill-0007","ix":2,"v":{"a":0,"k":0,"ix":2}},{"ty":2,"nm":"Color","mn":"ADBE Fill-0002","ix":3,"v":{"a":0,"k":[0.278431385756,0.274063825607,0.274063825607,1],"ix":3}},{"ty":7,"nm":"Invert","mn":"ADBE Fill-0006","ix":4,"v":{"a":0,"k":0,"ix":4}},{"ty":0,"nm":"Horizontal Feather","mn":"ADBE Fill-0003","ix":5,"v":{"a":0,"k":0,"ix":5}},{"ty":0,"nm":"Vertical Feather","mn":"ADBE Fill-0004","ix":6,"v":{"a":0,"k":0,"ix":6}},{"ty":0,"nm":"Opacity","mn":"ADBE Fill-0005","ix":7,"v":{"a":0,"k":1,"ix":7}}]}],"sw":1080,"sh":1920,"sc":"#353539","ip":0,"op":120.0000048877,"st":0,"bm":0},{"ddd":0,"ind":4,"ty":4,"nm":"desk Outlines","sr":1,"ks":{"o":{"a":0,"k":100,"ix":11},"r":{"a":1,"k":[{"i":{"x":[0.667],"y":[1]},"o":{"x":[0.333],"y":[0]},"t":39,"s":[0]},{"i":{"x":[0.667],"y":[1]},"o":{"x":[0.333],"y":[0]},"t":42,"s":[-5]},{"t":45.0000018328876,"s":[0]}],"ix":10},"p":{"a":1,"k":[{"i":{"x":0.667,"y":1},"o":{"x":0.333,"y":0},"t":33,"s":[-816,960,0],"to":[0,0,0],"ti":[0,0,0]},{"t":40.0000016292334,"s":[540,960,0]}],"ix":2,"x":"var $bm_rt;\nvar n, n, t, t, v, amp, freq, decay;\n$bm_rt = n = 0;\nif (numKeys > 0) {\n    $bm_rt = n = nearestKey(time).index;\n    if (key(n).time > time) {\n        n--;\n    }\n}\nif (n == 0) {\n    $bm_rt = t = 0;\n} else {\n    $bm_rt = t = $bm_sub(time, key(n).time);\n}\nif (n > 0) {\n    v = velocityAtTime($bm_sub(key(n).time, $bm_div(thisComp.frameDuration, 10)));\n    amp = 3;\n    freq = 2;\n    decay = 3;\n    $bm_rt = $bm_sum(value, $bm_div($bm_mul($bm_mul($bm_div(v, 100), amp), Math.sin($bm_mul($bm_mul($bm_mul(freq, t), 2), Math.PI))), Math.exp($bm_mul(decay, t))));\n} else {\n    $bm_rt = value;\n}"},"a":{"a":0,"k":[256,256,0],"ix":1},"s":{"a":0,"k":[100,100,100],"ix":6}},"ao":0,"ef":[{"ty":21,"nm":"Fill","np":9,"mn":"ADBE Fill","ix":1,"en":1,"ef":[{"ty":10,"nm":"Fill Mask","mn":"ADBE Fill-0001","ix":1,"v":{"a":0,"k":0,"ix":1}},{"ty":7,"nm":"All Masks","mn":"ADBE Fill-0007","ix":2,"v":{"a":0,"k":0,"ix":2}},{"ty":2,"nm":"Color","mn":"ADBE Fill-0002","ix":3,"v":{"a":0,"k":[0,0,0,1],"ix":3}},{"ty":7,"nm":"Invert","mn":"ADBE Fill-0006","ix":4,"v":{"a":0,"k":0,"ix":4}},{"ty":0,"nm":"Horizontal Feather","mn":"ADBE Fill-0003","ix":5,"v":{"a":0,"k":0,"ix":5}},{"ty":0,"nm":"Vertical Feather","mn":"ADBE Fill-0004","ix":6,"v":{"a":0,"k":0,"ix":6}},{"ty":0,"nm":"Opacity","mn":"ADBE Fill-0005","ix":7,"v":{"a":0,"k":1,"ix":7}}]}],"shapes":[{"ty":"gr","it":[{"ind":0,"ty":"sh","ix":1,"ks":{"a":0,"k":{"i":[[0,0],[0,0],[0,0],[0,0]],"o":[[0,0],[0,0],[0,0],[0,0]],"v":[[241.027,-76.682],[-241.027,-76.682],[-241.027,-98.064],[241.027,-98.064]],"c":true},"ix":2},"nm":"Path 1","mn":"ADBE Vector Shape - Group","hd":false},{"ind":1,"ty":"sh","ix":2,"ks":{"a":0,"k":{"i":[[0,0],[0,0],[0,-0.508],[0,0],[0,0]],"o":[[0,0],[0.508,0],[0,0],[0,0],[0,0]],"v":[[-143.935,-230.339],[-105.154,-230.339],[-104.233,-229.418],[-104.233,-113.036],[-143.935,-113.036]],"c":true},"ix":2},"nm":"Path 2","mn":"ADBE Vector Shape - Group","hd":false},{"ind":2,"ty":"sh","ix":3,"ks":{"a":0,"k":{"i":[[0,0],[0,0]],"o":[[0,0],[0,0]],"v":[[177.732,-113.036],[145.937,-113.036]],"c":false},"ix":2},"nm":"Path 3","mn":"ADBE Vector Shape - Group","hd":false},{"ind":3,"ty":"sh","ix":4,"ks":{"a":0,"k":{"i":[[0,0],[0,0],[0,0],[8.764,0],[0,0],[0,-8.764],[0,0],[-4.136,0],[0,4.135],[0,0],[-0.508,0],[0,0],[0,0],[0,0],[0,0],[4.135,0],[0,-4.135],[0,0],[0,0],[0,-6.984],[0,0],[-6.984,0],[0,0],[0,0],[-8.267,0],[0,0],[0,8.266],[0,0],[0,0],[0,0],[-8.266,0],[0,0],[0,8.266],[0,0],[4.135,0],[0,-4.135],[0,0],[0,0],[0,0],[8.266,0],[0,0],[0,-8.266],[0,0],[0,0],[0,0],[0,0],[0,0],[-4.136,0],[0,4.135],[0,0],[0,0],[0,6.983],[0,0],[6.984,0],[0,0]],"o":[[0,0],[0,0],[0,-8.764],[0,0],[-8.765,0],[0,0],[0,4.135],[4.135,0],[0,0],[0,-0.508],[0,0],[0,0],[0,0],[0,0],[0,-4.135],[-4.135,0],[0,0],[0,0],[-6.984,0],[0,0],[0,6.984],[0,0],[0,0],[0,8.266],[0,0],[8.265,0],[0,0],[0,0],[0,0],[0,8.266],[0,0],[8.266,0],[0,0],[0,-4.135],[-4.135,0],[0,0],[0,0],[0,0],[0,-8.266],[0,0],[-8.265,0],[0,0],[0,0],[0,0],[0,0],[0,0],[0,4.135],[4.135,0],[0,0],[0,0],[6.984,0],[0,0],[-0.002,-6.984],[0,0],[0,0]],"v":[[127.911,-113.036],[-89.26,-113.036],[-89.26,-229.418],[-105.154,-245.313],[-197.689,-245.313],[-213.583,-229.418],[-213.583,-186.069],[-206.096,-178.582],[-198.609,-186.069],[-198.609,-229.418],[-197.688,-230.339],[-158.907,-230.339],[-158.907,-113.036],[-198.61,-113.036],[-198.61,-151.305],[-206.097,-158.792],[-213.584,-151.305],[-213.584,-113.036],[-243.334,-113.036],[-256,-100.37],[-256,-74.373],[-243.334,-61.708],[-234.851,-61.708],[-234.851,230.322],[-219.859,245.313],[-195.181,245.313],[-180.19,230.322],[-180.172,126.939],[180.192,126.957],[180.192,230.322],[195.183,245.313],[219.861,245.313],[234.853,230.322],[234.853,109.932],[227.366,102.445],[219.879,109.932],[219.86,230.34],[195.164,230.322],[195.164,126.956],[180.173,111.965],[-180.173,111.965],[-195.164,126.956],[-195.181,230.339],[-219.878,230.32],[-219.878,-61.71],[219.879,-61.71],[219.879,75.104],[227.366,82.591],[234.853,75.104],[234.853,-61.708],[243.336,-61.708],[256.002,-74.373],[256.002,-100.37],[243.334,-113.036],[195.756,-113.036]],"c":false},"ix":2},"nm":"Path 4","mn":"ADBE Vector Shape - Group","hd":false},{"ty":"mm","mm":1,"nm":"Merge Paths 1","mn":"ADBE Vector Filter - Merge","hd":false},{"ty":"fl","c":{"a":0,"k":[0.858823529412,0.964705882353,0.913725490196,1],"ix":4},"o":{"a":0,"k":100,"ix":5},"r":1,"bm":0,"nm":"Fill 1","mn":"ADBE Vector Graphic - Fill","hd":false},{"ty":"tr","p":{"a":0,"k":[256,256],"ix":2},"a":{"a":0,"k":[0,0],"ix":1},"s":{"a":0,"k":[100,100],"ix":3},"r":{"a":0,"k":0,"ix":6},"o":{"a":0,"k":100,"ix":7},"sk":{"a":0,"k":0,"ix":4},"sa":{"a":0,"k":0,"ix":5},"nm":"Transform"}],"nm":"Group 1","np":8,"cix":2,"bm":0,"ix":1,"mn":"ADBE Vector Group","hd":false}],"ip":0,"op":120.0000048877,"st":0,"bm":0},{"ddd":0,"ind":5,"ty":4,"nm":"base shape ","sr":1,"ks":{"o":{"a":0,"k":100,"ix":11},"r":{"a":0,"k":0,"ix":10},"p":{"a":1,"k":[{"i":{"x":0.291,"y":1},"o":{"x":0.684,"y":0},"t":80,"s":[540,960,0],"to":[0,0,0],"ti":[0,0,0]},{"t":92.0000037472368,"s":[540,620,0]}],"ix":2},"a":{"a":0,"k":[32,296,0],"ix":1},"s":{"a":1,"k":[{"i":{"x":[0.291,0.291,0.667],"y":[1,1,1]},"o":{"x":[0.684,0.684,0.333],"y":[0,0,0]},"t":80,"s":[100,100,100]},{"t":92.0000037472368,"s":[9,9,100]}],"ix":6}},"ao":0,"shapes":[{"ty":"gr","it":[{"ind":0,"ty":"sh","ix":1,"ks":{"a":1,"k":[{"i":{"x":0.63,"y":1},"o":{"x":0.442,"y":0},"t":0,"s":[{"i":[[-392,-30.5],[122.5,-280],[292.435,0],[89.859,164.406],[0,91.871],[-73.381,248.128]],"o":[[716.146,55.721],[-117.213,267.917],[-200.564,0],[-41.161,-75.308],[0,-129.153],[92.772,-313.695]],"v":[[-124,-1529.5],[809.5,304],[0,529.5],[-800.942,381.584],[-873.5,0],[-798.475,-643.098]],"c":true}]},{"i":{"x":0.328,"y":1},"o":{"x":0.401,"y":0},"t":60,"s":[{"i":[[-392,-30.5],[122.5,-280],[292.435,0],[89.859,164.406],[0,91.871],[-73.381,248.128]],"o":[[716.146,55.721],[-117.213,267.917],[-200.564,0],[-41.161,-75.308],[0,-129.153],[92.772,-313.695]],"v":[[-124,-1529.5],[809.5,304],[0,529.5],[-800.942,381.584],[-873.5,0],[-798.475,-643.098]],"c":true}]},{"t":70.0000028511585,"s":[{"i":[[-161.885,0],[0,-292.435],[292.435,0],[90.283,162.94],[0,92.959],[-78.326,92.315]],"o":[[292.435,0],[0,292.435],[-199.476,0],[-42.074,-75.933],[0,-130.55],[97.126,-114.472]],"v":[[0,-529.5],[529.5,0],[0,529.5],[-463.471,256.257],[-529.5,0],[-403.928,-342.38]],"c":true}]}],"ix":2},"nm":"Path 1","mn":"ADBE Vector Shape - Group","hd":false},{"ty":"fl","c":{"a":0,"k":[1,1,1,1],"ix":4},"o":{"a":0,"k":100,"ix":5},"r":1,"bm":0,"nm":"Fill 1","mn":"ADBE Vector Graphic - Fill","hd":false},{"ty":"tr","p":{"a":0,"k":[32,296],"ix":2},"a":{"a":0,"k":[0,0],"ix":1},"s":{"a":0,"k":[100,100],"ix":3},"r":{"a":0,"k":0,"ix":6},"o":{"a":0,"k":100,"ix":7},"sk":{"a":0,"k":0,"ix":4},"sa":{"a":0,"k":0,"ix":5},"nm":"Transform"}],"nm":"Ellipse 1","np":3,"cix":2,"bm":0,"ix":1,"mn":"ADBE Vector Group","hd":false}],"ip":0,"op":120.0000048877,"st":0,"bm":0},{"ddd":0,"ind":6,"ty":4,"nm":"spot light","sr":1,"ks":{"o":{"a":1,"k":[{"i":{"x":[0.667],"y":[1]},"o":{"x":[0.722],"y":[0]},"t":90,"s":[100]},{"t":92.0000037472368,"s":[0]}],"ix":11,"x":"var $bm_rt;\n$bm_rt = loopOut('pingpong');"},"r":{"a":0,"k":0,"ix":10},"p":{"a":0,"k":[540,613,0],"ix":2},"a":{"a":0,"k":[12,-320,0],"ix":1},"s":{"a":0,"k":[100,100,100],"ix":6}},"ao":0,"shapes":[{"ty":"gr","it":[{"ind":0,"ty":"sh","ix":1,"ks":{"a":0,"k":{"i":[[0,0],[0,0],[0,0]],"o":[[0,0],[0,0],[0,0]],"v":[[252,-88],[12,-320],[-224,-90]],"c":false},"ix":2},"nm":"Path 1","mn":"ADBE Vector Shape - Group","hd":false},{"ty":"fl","c":{"a":0,"k":[1,1,1,1],"ix":4},"o":{"a":0,"k":100,"ix":5},"r":1,"bm":0,"nm":"Fill 1","mn":"ADBE Vector Graphic - Fill","hd":false},{"ty":"tr","p":{"a":0,"k":[0,0],"ix":2},"a":{"a":0,"k":[0,0],"ix":1},"s":{"a":0,"k":[100,100],"ix":3},"r":{"a":0,"k":0,"ix":6},"o":{"a":0,"k":100,"ix":7},"sk":{"a":0,"k":0,"ix":4},"sa":{"a":0,"k":0,"ix":5},"nm":"Transform"}],"nm":"Shape 1","np":3,"cix":2,"bm":0,"ix":1,"mn":"ADBE Vector Group","hd":false}],"ip":90.0000036657751,"op":120.0000048877,"st":0,"bm":0},{"ddd":0,"ind":7,"ty":1,"nm":"Medium Gray-Blue Solid 1","sr":1,"ks":{"o":{"a":0,"k":100,"ix":11},"r":{"a":0,"k":0,"ix":10},"p":{"a":0,"k":[540,1920,0],"ix":2},"a":{"a":0,"k":[540,1920,0],"ix":1},"s":{"a":0,"k":[100,36.563,100],"ix":6}},"ao":0,"ef":[{"ty":5,"nm":"Gradient Ramp","np":10,"mn":"ADBE Ramp","ix":1,"en":1,"ef":[{"ty":3,"nm":"Start of Ramp","mn":"ADBE Ramp-0001","ix":1,"v":{"a":0,"k":[540,0],"ix":1}},{"ty":2,"nm":"Start Color","mn":"ADBE Ramp-0002","ix":2,"v":{"a":0,"k":[0.192156862745,0.196078431373,0.435294117647,1],"ix":2}},{"ty":3,"nm":"End of Ramp","mn":"ADBE Ramp-0003","ix":3,"v":{"a":0,"k":[540,2327],"ix":3}},{"ty":2,"nm":"End Color","mn":"ADBE Ramp-0004","ix":4,"v":{"a":0,"k":[0,0,0,1],"ix":4}},{"ty":7,"nm":"Ramp Shape","mn":"ADBE Ramp-0005","ix":5,"v":{"a":0,"k":1,"ix":5}},{"ty":0,"nm":"Ramp Scatter","mn":"ADBE Ramp-0006","ix":6,"v":{"a":0,"k":0,"ix":6}},{"ty":0,"nm":"Blend With Original","mn":"ADBE Ramp-0007","ix":7,"v":{"a":0,"k":0.56,"ix":7}},{"ty":6,"nm":"","mn":"ADBE Ramp-0008","ix":8,"v":0}]}],"sw":1080,"sh":1920,"sc":"#31326f","ip":0,"op":120.0000048877,"st":0,"bm":0},{"ddd":0,"ind":8,"ty":1,"nm":"Medium Gray-Blue Solid 1","sr":1,"ks":{"o":{"a":0,"k":100,"ix":11},"r":{"a":0,"k":0,"ix":10},"p":{"a":0,"k":[540,960,0],"ix":2},"a":{"a":0,"k":[540,960,0],"ix":1},"s":{"a":0,"k":[100,100,100],"ix":6}},"ao":0,"sw":1080,"sh":1920,"sc":"#31326f","ip":0,"op":120.0000048877,"st":0,"bm":0}],"markers":[]}